position,album_id,artist,name,date,genres,rating,num_ratings
1,Album45,Radiohead,Ok Computer,1997,"Alternative Rock, Art Rock",4.23,60527
2,Album46,Radiohead,Kid A,2000,"Art Rock, Experimental Rock, Electronic",4.23,50279
3,Album976,Pink Floyd,The Dark Side Of The Moon,1973,"Art Rock, Progressive Rock",4.23,50633
4,Album974,Pink Floyd,Wish You Were Here,1975,"Progressive Rock, Art Rock",4.29,41760
5,Album2328,King Crimson,In The Court Of The Crimson King,1969,"Progressive Rock, Art Rock",4.31,37873
6,Album173,The Velvet Underground,The Velvet Underground & Nico,1967,"Art Rock, Experimental Rock",4.25,40013
7,Album355,My Bloody Valentine,Loveless,1991,"Shoegaze, Noise Pop",4.24,41108
8,Album6286502,Kendrick Lamar,To Pimp A Butterfly,2015,"Conscious Hip Hop, West Coast Hip Hop, Jazz Rap",4.24,34762
9,Album1052924,Radiohead,In Rainbows,2007,"Art Rock, Alternative Rock",4.16,40540
10,Album63,The Beach Boys,Pet Sounds,1966,Baroque Pop,4.19,31745
11,Album1245,Neutral Milk Hotel,In The Aeroplane Over The Sea,1998,"Indie Folk, Indie Rock",4.11,41032
12,Album3050748,Kanye West,My Beautiful Dark Twisted Fantasy,2010,"Pop Rap, Hip Hop",4.05,38357
13,Album2602,Godspeed You Black Emperor!,Lift Yr. Skinny Fists Like Antennas To Heaven!,2000,Post-Rock,4.17,29742
14,Album3597082,Kendrick Lamar,"Good Kid, M.A.A.D City",2012,"West Coast Hip Hop, Conscious Hip Hop",4.18,31311
15,Album12,The Beatles,Abbey Road,1969,Pop Rock,4.26,38533
16,Album1036,Talking Heads,Remain In Light,1980,"New Wave, Post-Punk",4.25,30560
17,Album2571,Miles Davis,Kind Of Blue,1959,"Modal Jazz, Cool Jazz",4.24,26266
18,Album142671,Madvillain,Madvillainy,2004,Abstract Hip Hop,4.2,26806
19,Album2276,Black Sabbath,Paranoid,1970,"Heavy Metal, Hard Rock",4.2,31297
20,Album544,Joy Division,Unknown Pleasures,1979,Post-Punk,4.12,34409
21,Album978,Pink Floyd,Animals,1977,"Progressive Rock, Art Rock",4.12,31600
22,Album623,David Bowie,The Rise And Fall Of Ziggy Stardust And The Spiders From Mars,1972,"Glam Rock, Pop Rock",4.26,33945
23,Album43,Led Zeppelin,Led Zeppelin IV,1971,Hard Rock,4.11,31596
24,Album1089,Pixies,Doolittle,1989,"Alternative Rock, Indie Rock",4.13,29979
25,Album206,The Beatles,Revolver,1966,"Pop Rock, Psychedelic Pop",4.24,37620
26,Album10702,John Coltrane,A Love Supreme,1965,"Spiritual Jazz, Avant-Garde Jazz",4.31,21402
27,Album164,The Smiths,The Queen Is Dead,1986,"Jangle Pop, Indie Pop",4.13,30543
28,Album11082,Nas,Illmatic,1994,"East Coast Hip Hop, Boom Bap, Hardcore Hip Hop",4.19,25578
29,Album90,Nick Drake,Pink Moon,1972,"Contemporary Folk, Singer/Songwriter",4.18,25419
30,Album126,Nirvana,Nevermind,1991,"Grunge, Alternative Rock",3.92,38045
31,Album2671,Slint,Spiderland,1991,"Post-Rock, Math Rock, Post-Hardcore",4.15,27345
32,Album629,David Bowie,Low,1977,Art Rock,4.13,25219
33,Album11014,Wu-Tang Clan,Enter The Wu-Tang (36 Chambers),1993,"East Coast Hip Hop, Boom Bap, Hardcore Hip Hop",4.2,23647
34,Album1189,The Doors,The Doors,1967,Psychedelic Rock,4.1,27296
35,Album16,The Beatles,Sgt. Pepper's Lonely Hearts Club Band,1967,"Psychedelic Pop, Pop Rock",4.14,38274
36,Album185644,Arcade Fire,Funeral,2004,"Indie Rock, Chamber Pop",3.99,33666
37,Album6543,King Crimson,Red,1974,"Progressive Rock, Art Rock",4.22,20076
38,Album324,The Cure,Disintegration,1989,"Gothic Rock, Post-Punk",4.17,24861
39,Album44,Radiohead,The Bends,1995,Alternative Rock,3.85,40445
40,Album51,Bob Dylan,Highway 61 Revisited,1965,"Folk Rock, Singer/Songwriter",4.18,23568
41,Album450392,Godspeed You Black Emperor!,F♯ A♯ ∞,1997,Post-Rock,4.11,22581
42,Album1167,Television,Marquee Moon,1977,"Art Punk, Art Rock",4.14,22998
43,Album17906,Charles Mingus,The Black Saint And The Sinner Lady,1963,"Avant-Garde Jazz, Third Stream",4.35,16679
44,Album8,The Beatles,The Beatles [White Album],1968,"Pop Rock, Rock",4.15,31181
45,Album2115,Sigur Rós,Ágætis byrjun,1999,Post-Rock,4.05,23897
46,Album2612,Dj Shadow,Endtroducing.....,1996,"Instrumental Hip Hop, Experimental Hip Hop, Plunderphonics",4.12,23004
47,Album545,Joy Division,Closer,1980,Post-Punk,4.1,25601
48,Album1593,Metallica,Master Of Puppets,1986,Thrash Metal,4.01,27474
49,Album1117,Sonic Youth,Daydream Nation,1988,"Noise Rock, Alternative Rock",4.06,24877
50,Album281704,Sufjan Stevens,Illinois,2005,"Chamber Pop, Singer/Songwriter",4.07,23946
51,Album1225777,Metallica,Ride The Lightning,1984,Thrash Metal,4.05,24310
52,Album2277,Black Sabbath,Master Of Reality,1971,Heavy Metal,4.13,21237
53,Album2711,Slowdive,Souvlaki,1993,"Dream Pop, Shoegaze",4.09,23031
54,Album2590,Aphex Twin,Selected Ambient Works 85-92,1992,"Ambient Techno, IDM",4.02,23016
55,Album94103,Kanye West,The College Dropout,2004,"Hip Hop, Pop Rap",4,26967
56,Album7406,A Tribe Called Quest,The Low End Theory,1991,"Jazz Rap, East Coast Hip Hop, Conscious Hip Hop",4.11,19922
57,Album882,Björk,Homogenic,1997,"Art Pop, Electronic",4.06,23401
58,Album128,Nirvana,In Utero,1993,"Grunge, Alternative Rock",3.96,28496
59,Album236,The Clash,London Calling,1979,"New Wave, Punk Rock",4.03,25867
60,Album7548871,Danny Brown,Atrocity Exhibition,2016,"Experimental Hip Hop, Hardcore Hip Hop",4.07,20288
61,Album94,Bob Dylan,Blonde On Blonde,1966,"Folk Rock, Singer/Songwriter",4.17,19785
62,Album6853748,David Bowie,★ [Blackstar],2016,Art Rock,4.04,21337
63,Album3892102,Death Grips,The Money Store,2012,"Hardcore Hip Hop, Industrial Hip Hop, Experimental Hip Hop",4,29074
64,Album10394,Miles Davis,In A Silent Way,1969,Jazz Fusion,4.22,14388
65,Album4588,Miles Davis,Bitches Brew,1970,"Jazz Fusion, Avant-Garde Jazz",4.16,16398
66,Album11,The Jimi Hendrix Experience,Are You Experienced,1967,"Blues Rock, Psychedelic Rock, Acid Rock",4.13,20615
67,Album2660,Portishead,Dummy,1994,Trip Hop,4.1,25061
68,Album5721,Yes,Close To The Edge,1972,"Symphonic Prog, Progressive Rock",4.13,18616
69,Album3137,Kate Bush,Hounds Of Love,1985,"Art Pop, Progressive Pop",4.14,18175
70,Album2027,Led Zeppelin,Led Zeppelin,1969,"Hard Rock, Blues Rock",3.97,25624
71,Album2157,Black Sabbath,Black Sabbath,1970,"Heavy Metal, Hard Rock",4.07,21946
72,Album2779,Talk Talk,Laughing Stock,1991,Post-Rock,4.12,15701
73,Album50,Bob Dylan,Blood On The Tracks,1975,"Singer/Songwriter, Folk Rock",4.17,17256
74,Album6156,Can,Tago Mago,1971,"Krautrock, Psychedelic Rock, Experimental Rock",4.09,19688
75,Album205,The Beatles,Rubber Soul,1965,Pop Rock,4.04,29250
76,Album628,David Bowie,Station To Station,1976,Art Rock,4.09,17808
77,Album975,Pink Floyd,Meddle,1971,Progressive Rock,3.97,24292
78,Album1705,Radiohead,Amnesiac,2001,"Art Rock, Experimental Rock",3.8,33201
79,Album2438,Björk,Vespertine,2001,"Art Pop, Electronic",4.09,18327
80,Album3120,Leonard Cohen,Songs Of Leonard Cohen,1967,"Contemporary Folk, Singer/Songwriter",4.15,15117
81,Album453563,Fishmans,Long Season,1996,"Dream Pop, Neo-Psychedelia, Progressive Pop",4.16,15141
82,Album2161,The Jimi Hendrix Experience,Electric Ladyland,1968,"Psychedelic Rock, Blues Rock, Acid Rock",4.14,16961
83,Album2679,Talk Talk,Spirit Of Eden,1988,Post-Rock,4.07,15617
84,Album2642,The Microphones,The Glow Pt. 2,2001,"Indie Folk, Psychedelic Folk, Lo-Fi / Slacker Rock",4.11,19151
85,Album42,Led Zeppelin,Led Zeppelin II,1969,"Hard Rock, Blues Rock",3.95,24118
86,Album174,The Velvet Underground,White Light / White Heat,1968,"Experimental Rock, Noise Rock, Proto-Punk, Art Rock",4.04,21595
87,Album17997,Interpol,Turn On The Bright Lights,2002,Post-Punk Revival,3.95,23450
88,Album4390,Frank Zappa,Hot Rats,1969,"Jazz-Rock, Jazz Fusion",4.07,16657
89,Album294,Tom Waits,Rain Dogs,1985,"Singer/Songwriter, Experimental Rock",4.09,17415
90,Album218218,Kanye West,Late Registration,2005,Hip Hop,3.95,24098
91,Album5892,Marvin Gaye,What's Going On,1971,Soul,4.1,15625
92,Album2339,Neil Young,After The Gold Rush,1970,"Folk Rock, Singer/Songwriter, Country Rock",4.1,16559
93,Album5115,Can,Future Days,1973,Krautrock,4.12,14261
94,Album15269,Swans,Soundtracks For The Blind,1996,"Experimental Rock, Post-Rock, Experimental",4.13,14481
95,Album1311,Elliott Smith,Either / Or,1997,"Singer/Songwriter, Indie Folk",4.08,18483
96,Album22312,Genius/Gza,Liquid Swords,1995,"East Coast Hip Hop, Hardcore Hip Hop, Boom Bap",4.12,14884
97,Album1179,Cocteau Twins,Heaven Or Las Vegas,1990,Dream Pop,4.05,16825
98,Album7630705,Frank Ocean,Blonde,2016,"Alternative R&B, Art Pop, Neo-Soul",4.01,22408
99,Album2591,Boards Of Canada,Music Has The Right To Children,1998,IDM,3.96,19100
100,Album622,David Bowie,Hunky Dory,1971,"Glam Rock, Pop Rock, Art Rock",4.06,24035
101,Album1088,Pixies,Surfer Rosa,1988,"Indie Rock, Alternative Rock",3.96,21863
102,Album969,Pink Floyd,The Wall,1979,"Rock Opera, Art Rock",3.8,32465
103,Album630,David Bowie,Heroes,1977,Art Rock,3.98,19589
104,Album845,The Stooges,Fun House,1970,"Proto-Punk, Garage Rock, Hard Rock",4.1,15716
105,Album93,Bob Dylan,Bringing It All Back Home,1965,"Folk Rock, Singer/Songwriter, Contemporary Folk",4.13,15053
106,Album398852,J Dilla,Donuts,2006,Instrumental Hip Hop,4.04,15178
107,Album1030,Pink Floyd,The Piper At The Gates Of Dawn,1967,"Psychedelic Rock, Psychedelic Pop",3.88,25395
108,Album6136253,Sufjan Stevens,Carrie & Lowell,2015,"Indie Folk, Singer/Songwriter",4.04,18360
109,Album706,Eno,Another Green World,1975,Art Rock,4.02,16241
110,Album5196775,Swans,To Be Kind,2014,"Experimental Rock, Post-Rock",3.98,17174
111,Album175,The Velvet Underground,The Velvet Underground,1969,Pop Rock,4.1,19387
112,Album15,The Beatles,Magical Mystery Tour,1967,"Psychedelic Pop, Pop Rock",4.06,23787
113,Album7381,Outkast,Aquemini,1998,"Southern Hip Hop, Conscious Hip Hop",4.11,13022
114,Album160,Smashing Pumpkins,Siamese Dream,1993,Alternative Rock,3.96,20056
115,Album8410429,"Tyler, The Creator",Flower Boy,2017,West Coast Hip Hop,3.88,22291
116,Album2542,Massive Attack,Mezzanine,1998,Trip Hop,4.03,20977
117,Album9363,The Zombies,Odessey And Oracle,1968,"Psychedelic Pop, Baroque Pop",4.09,13902
118,Album1277,Love,Forever Changes,1967,"Psychedelic Pop, Psychedelic Rock, Psychedelic Folk",4.03,16600
119,Album231,Can,Ege Bamyası,1972,Krautrock,4.04,14965
120,Album7381986,Radiohead,A Moon Shaped Pool,2016,"Art Pop, Art Rock, Chamber Pop",3.87,24050
121,Album145,The Rolling Stones,Sticky Fingers,1971,Blues Rock,4.03,14702
122,Album3783,Megadeth,Rust In Peace,1990,Thrash Metal,4,15965
123,Album1711,Nine Inch Nails,The Downward Spiral,1994,Industrial Rock,4,19345
124,Album2611,The Avalanches,Since I Left You,2000,Plunderphonics,3.98,17350
125,Album2632,Modest Mouse,The Lonesome Crowded West,1997,Indie Rock,4.05,14896
126,Album10255382,"Tyler, The Creator",Igor,2019,Neo-Soul,3.83,23196
127,Album2771,Slayer,Reign In Blood,1986,Thrash Metal,3.96,17120
128,Album8862,A Tribe Called Quest,Midnight Marauders,1993,"East Coast Hip Hop, Jazz Rap, Boom Bap",4.1,13226
129,Album602,Depeche Mode,Violator,1990,Synthpop,3.99,16641
130,Album185,The Who,Who's Next,1971,Hard Rock,3.97,17124
131,Album52,Nick Drake,Five Leaves Left,1969,"Singer/Songwriter, Chamber Folk, Contemporary Folk",4.05,14905
132,Album67,Belle And Sebastian,If You're Feeling Sinister,1996,"Chamber Pop, Twee Pop, Indie Pop",3.99,16327
133,Album2689,Wilco,Yankee Hotel Foxtrot,2002,"Indie Rock, Alternative Rock",3.92,19142
134,Album4660,Stevie Wonder,Songs In The Key Of Life,1976,Soul,4.16,9433
135,Album10701,John Coltrane,Giant Steps,1960,Hard Bop,4.11,11485
136,Album2402,Neil Young,On The Beach,1974,"Singer/Songwriter, Folk Rock, Country Rock",4.11,11654
137,Album3380439,The Beach Boys,The Smile Sessions,2011,"Baroque Pop, Psychedelic Pop, Progressive Pop",4.24,6683
138,Album902,Jeff Buckley,Grace,1994,"Singer/Songwriter, Alternative Rock",3.96,18942
139,Album4203,Death,Symbolic,1995,Technical Death Metal,4.07,11932
140,Album320,The Cure,Pornography,1982,"Gothic Rock, Post-Punk",4,17069
141,Album1905,Tool,Lateralus,2001,"Alternative Metal, Progressive Metal",3.93,19466
142,Album5734,Stevie Wonder,Innervisions,1973,Soul,4.11,10550
143,Album9186703,Kids See Ghosts,Kids See Ghosts,2018,"Pop Rap, Experimental Hip Hop",3.78,22900
144,Album1206880,Have A Nice Life,Deathconsciousness,2008,"Post-Punk, Shoegaze",4,17559
145,Album2436,The Strokes,Is This It,2001,"Indie Rock, Garage Rock Revival",3.9,26493
146,Album4568422,Kanye West,Yeezus,2013,Experimental Hip Hop,3.67,28554
147,Album2863,Daft Punk,Discovery,2001,French House,3.88,20646
148,Album933,Rage Against The Machine,Rage Against The Machine,1992,"Rap Metal, Alternative Metal",3.93,19337
149,Album133,Pavement,"Crooked Rain, Crooked Rain",1994,Indie Rock,3.98,15967
150,Album6544,King Crimson,Larks Tongues In Aspic,1973,Progressive Rock,4.02,13623
151,Album1035,Talking Heads,Fear Of Music,1979,"New Wave, Post-Punk",4.01,16233
152,Album383957,The Smiths,Hatful Of Hollow,1984,"Jangle Pop, Indie Pop",4.09,12056
153,Album636623,Joanna Newsom,Ys,2006,"Chamber Folk, Singer/Songwriter, Progressive Folk",3.98,14061
154,Album993,The Rolling Stones,Let It Bleed,1969,Blues Rock,4,14196
155,Album11222,Charles Mingus,Mingus Ah Um,1959,Post-Bop,4.1,10457
156,Album880,Björk,Post,1995,"Art Pop, Electronic",3.9,19561
157,Album2338,Neil Young,Harvest,1972,"Country Rock, Folk Rock, Singer/Songwriter",4.01,15116
158,Album2337,Neil Young,Everybody Knows This Is Nowhere,1969,"Country Rock, Singer/Songwriter",4.07,11638
159,Album51446,Kraftwerk,Die Mensch-Maschine,1978,"Synthpop, Electronic",3.98,14007
160,Album2028,Led Zeppelin,Led Zeppelin III,1970,"Hard Rock, Folk Rock",3.85,21222
161,Album356,Van Morrison,Astral Weeks,1968,"Singer/Songwriter, Chamber Folk",4,12991
162,Album5687,Boards Of Canada,Geogaddi,2002,IDM,3.96,14258
163,Album996,The Rolling Stones,Exile On Main St.,1972,"Blues Rock, Rock",3.99,13336
164,Album3287,Joni Mitchell,Blue,1971,"Singer/Songwriter, Contemporary Folk",4.02,12523
165,Album2030,Led Zeppelin,Physical Graffiti,1975,Hard Rock,3.94,16940
166,Album1904,Tool,Ænima,1996,Alternative Metal,3.91,17691
167,Album11392,John Coltrane,My Favorite Things,1961,"Modal Jazz, Post-Bop",4.11,9744
168,Album2029,Led Zeppelin,Houses Of The Holy,1973,Hard Rock,3.92,17725
169,Album5919,Genesis,Selling England By The Pound,1973,"Progressive Rock, Symphonic Prog",4.01,13049
170,Album3873725,Swans,The Seer,2012,"Experimental Rock, Post-Rock",3.93,14504
171,Album19286,Queens Of The Stone Age,Songs For The Deaf,2002,"Stoner Rock, Alternative Rock",3.93,19784
172,Album2584,Prince And The Revolution,Purple Rain,1984,"Pop Rock, Film Soundtrack, Synth Funk",4.07,14033
173,Album846,Iggy And The Stooges,Raw Power,1973,"Proto-Punk, Garage Rock, Hard Rock",4.03,13643
174,Album2320,Fleetwood Mac,Rumours,1977,"Pop Rock, Soft Rock",3.99,17113
175,Album179,Weezer,Weezer [Blue Album],1994,"Power Pop, Alternative Rock",3.9,24120
176,Album7380,Outkast,Atliens,1996,Southern Hip Hop,4.05,10824
177,Album56332,Radiohead,Hail To The Thief,2003,"Alternative Rock, Art Rock",3.67,30138
178,Album3122,Leonard Cohen,Songs Of Love And Hate,1971,"Singer/Songwriter, Contemporary Folk",4.05,10570
179,Album2634,Modest Mouse,The Moon & Antarctica,2000,Indie Rock,3.96,15224
180,Album6296,Bob Dylan,The Freewheelin Bob Dylan,1963,"Contemporary Folk, Singer/Songwriter",3.98,14796
181,Album314,The Stone Roses,The Stone Roses,1989,Baggy / Madchester,3.98,15507
182,Album52915,Kraftwerk,Trans Europa Express,1977,Electronic,3.98,11978
183,Album9079,The Notorious B.I.G.,Ready To Die,1994,"East Coast Hip Hop, Gangsta Rap, Boom Bap",4.01,12387
184,Album2090,Iron Maiden,Powerslave,1984,Heavy Metal,3.98,13926
185,Album1848760,Animal Collective,Merriweather Post Pavilion,2009,"Psychedelic Pop, Neo-Psychedelia, Indietronica",3.72,24532
186,Album5720,Yes,Fragile,1971,Progressive Rock,3.94,14582
187,Album4354997,Freddie Gibbs & Madlib,Piñata,2014,Gangsta Rap,3.95,13394
188,Album13083,Steve Reich,Music For 18 Musicians,1978,Minimalism,4.08,7804
189,Album641,The Flaming Lips,The Soft Bulletin,1999,"Neo-Psychedelia, Psychedelic Pop",3.89,17086
190,Album1263018,Portishead,Third,2008,"Electronic, Experimental Rock",3.9,14475
191,Album2615,Built To Spill,Perfect From Now On,1997,Indie Rock,4.02,10843
192,Album23085,Sigur Rós,( ),2002,Post-Rock,3.92,14934
193,Album185833,MF DOOM,Mm.. Food,2004,"East Coast Hip Hop, Abstract Hip Hop",3.97,13293
194,Album4648,The Kinks,The Kinks Are The Village Green Preservation Society,1968,Pop Rock,4.07,11282
195,Album7675,Opeth,Blackwater Park,2001,Progressive Metal,3.93,13595
196,Album14795,Pharoah Sanders,Karma,1969,Spiritual Jazz,4.1,7323
197,Album4014,Burzum,Filosofem,1996,Atmospheric Black Metal,3.91,13828
198,Album9486927,Daughters,You Won't Get What You Want,2018,"Noise Rock, Industrial Rock",3.89,16412
199,Album5037,Black Sabbath,Sabbath Bloody Sabbath,1973,"Heavy Metal, Hard Rock",3.99,13819
200,Album51085,Sweet Trip,Velocity : Design : Comfort.,2003,"Glitch Pop, IDM, Shoegaze",4.03,10922
201,Album5845,Jethro Tull,Thick As A Brick,1972,Progressive Rock,4,10466
202,Album1190,The Doors,Strange Days,1967,Psychedelic Rock,3.94,14495
203,Album2086,Iron Maiden,The Number Of The Beast,1982,"NWOBHM, Heavy Metal",3.92,15643
204,Album3581,Bruce Springsteen,Born To Run,1975,Heartland Rock,3.96,12005
205,Album22562,Mobb Deep,The Infamous,1995,"East Coast Hip Hop, Gangsta Rap, Boom Bap, Hardcore Hip Hop",4.06,9260
206,Album1045,Alice In Chains,Dirt,1992,"Grunge, Alternative Metal",3.92,15875
207,Album2325,The Jimi Hendrix Experience,Axis: Bold As Love,1967,"Psychedelic Rock, Blues Rock",3.99,13427
208,Album133797,Angelo Badalamenti,Soundtrack From Twin Peaks,1990,"Television Music, Dark Jazz",4.11,8154
209,Album161,The Smashing Pumpkins,Mellon Collie And The Infinite Sadness,1995,Alternative Rock,3.87,17253
210,Album3770,Metallica,...And Justice For All,1988,Thrash Metal,3.81,20098
211,Album8328,Creedence Clearwater Revival,CosmoS Factory,1970,Swamp Rock,4.05,9080
212,Album9655,Gang Of Four,Entertainment!,1979,Post-Punk,3.97,12843
213,Album3136,Kate Bush,The Dreaming,1982,"Art Pop, Progressive Pop",4.02,10089
214,Album4599,Curtis Mayfield,Superfly,1972,"Film Soundtrack, Funk, Chicago Soul",4.09,7610
215,Album1430,Wire,Pink Flag,1977,"Punk Rock, Art Punk",3.95,14291
216,Album5168,King Crimson,Discipline,1981,"Art Rock, Progressive Rock, New Wave",3.96,12054
217,Album1064977,Burial,Untrue,2007,"Future Garage, Dubstep",3.91,17453
218,Album89,Nick Drake,Bryter Layter,1970,"Singer/Songwriter, Chamber Folk, Contemporary Folk",3.96,13124
219,Album6116,John Coltrane,Blue Train,1958,Hard Bop,4.03,10249
220,Album1990,Michael Jackson,Thriller,1982,"Contemporary R&B, Pop, Dance-Pop",3.91,15590
221,Album35500,Milton Nascimento,Clube Da Esquina,1972,MPB,4.1,6117
222,Album297,Tom Waits,Swordfishtrombones,1983,"Singer/Songwriter, Experimental Rock",4,11176
223,Album515,Beastie Boys,Paul's Boutique,1989,East Coast Hip Hop,3.92,12631
224,Album4052,Comus,First Utterance,1971,"Progressive Folk, Psychedelic Folk, Freak Folk",4.01,8815
225,Album271115,Gorillaz,Demon Days,2005,Art Pop,3.76,21028
226,Album442,At The Drive-In,Relationship Of Command,2000,Post-Hardcore,3.9,14224
227,Album2576,Dead Kennedys,Fresh Fruit For Rotting Vegetables,1980,"Hardcore Punk, Punk Rock",3.98,13080
228,Album712947,LCD Soundsystem,Sound Of Silver,2007,"Dance-Punk, Indietronica",3.89,15801
229,Album3392,Rush,Moving Pictures,1981,"Progressive Rock, Hard Rock",3.91,13054
230,Album1175,Cocteau Twins,Treasure,1984,"Dream Pop, Ethereal Wave",3.97,13231
231,Album9999224,Weyes Blood,Titanic Rising,2019,"Baroque Pop, Art Pop",3.85,15357
232,Album7764,Funkadelic,Maggot Brain,1971,"Funk Rock, Funk",3.96,11629
233,Album704,Eno,Here Come The Warm Jets,1974,"Art Rock, Experimental Rock",3.95,11231
234,Album14030,Electric Wizard,Dopethrone,2000,"Stoner Metal, Doom Metal",3.96,11854
235,Album7804852,A Tribe Called Quest,We Got It From Here... Thank You 4 Your Service,2016,"Conscious Hip Hop, East Coast Hip Hop, Jazz Rap",3.96,10744
236,Album20786,Converge,Jane Doe,2001,"Mathcore, Metalcore",3.93,11786
237,Album7299,Public Enemy,It Takes A Nation Of Millions To Hold Us Back,1988,"Political Hip Hop, East Coast Hip Hop, Hardcore Hip Hop, Conscious Hip Hop",3.93,11303
238,Album5166,Judas Priest,Painkiller,1990,Heavy Metal,4,9399
239,Album14077,Kyuss,Kyuss [Welcome To Sky Valley],1994,"Stoner Rock, Stoner Metal",3.96,12010
240,Album12256,The Flaming Lips,Yoshimi Battles The Pink Robots,2002,"Neo-Psychedelia, Psychedelic Pop",3.82,17986
241,Album1116,The Sonic Youth,Sister,1987,"Noise Rock, Alternative Rock",3.93,12954
242,Album19,R.E.M.,Murmur,1983,"Jangle Pop, Alternative Rock",3.91,12981
243,Album2287,Deep Purple,Machine Head,1972,Hard Rock,3.94,11107
244,Album39650,The Jimi Hendrix Experience,The Jimi Hendrix Experience,2000,"Psychedelic Rock, Hard Rock, Blues Rock, Acid Rock",4.28,656
245,Album2089,Iron Maiden,Seventh Son Of A Seventh Son,1988,Heavy Metal,3.96,10838
246,Album7660,Black Sabbath,Black Sabbath Vol. 4,1972,"Heavy Metal, Hard Rock",3.93,13712
247,Album17499,Eric Dolphy,Out To Lunch,1964,Avant-Garde Jazz,3.99,7862
248,Album1073,Metallica,Kill Em All,1983,Thrash Metal,3.77,19651
249,Album4597,Herbie Hancock,Head Hunters,1973,"Jazz Fusion, Jazz-Funk",3.96,10403
250,Album16779,Unwound,Leaves Turn Inside You,2001,"Post-Hardcore, Indie Rock",3.98,9030
251,Album134,Pearl Jam,Ten,1991,"Grunge, Alternative Rock, Hard Rock",3.77,18225
252,Album11218,Ornette Coleman,The Shape Of Jazz To Come,1959,Avant-Garde Jazz,3.99,7995
253,Album992,The Rolling Stones,Beggars Banquet,1968,"Roots Rock, Rock",3.97,11732
254,Album14798,Alice Coltrane Featuring Pharoah Sanders,Journey In Satchidananda,1971,"Spiritual Jazz, Avant-Garde Jazz",4.07,6019
255,Album9553,American Football,American Football,1999,Midwest Emo,3.78,16959
256,Album149,Simon And Garfunkel,Bridge Over Troubled Water,1970,"Folk Pop, Singer/Songwriter",3.97,10145
257,Album1744,Lou Reed,Transformer,1972,"Glam Rock, Pop Rock",3.93,15652
258,Album37920,The Microphones,Mount Eerie,2003,"Avant-Folk, Psychedelic Folk",3.99,8700
259,Album5917,Genesis,Foxtrot,1972,Progressive Rock,3.97,9585
260,Album9753704,Earl Sweatshirt,Some Rap Songs,2018,"Abstract Hip Hop, Experimental Hip Hop",3.79,15155
261,Album6269116,Kanye West,The Life Of Pablo,2016,"Pop Rap, Hip Hop",3.61,24547
262,Album17249,This Heat,Deceit,1981,"Experimental Rock, Post-Punk",3.98,9304
263,Album4600,Curtis Mayfield,Curtis,1970,Chicago Soul,4.04,6273
264,Album2264,George Harrison,All Things Must Pass,1970,"Pop Rock, Singer/Songwriter, Folk Rock",4.04,10019
265,Album8857731,Car Seat Headrest,Twin Fantasy,2018,Indie Rock,3.83,13768
266,Album5053,Aphex Twin,Richard D. James Album,1996,"IDM, Drill and Bass",3.81,15144
267,Album5843,Jethro Tull,Aqualung,1971,Progressive Rock,3.91,11592
268,Album163,The Smiths,The Smiths,1984,"Jangle Pop, Indie Pop",3.83,17141
269,Album180,Weezer,Pinkerton,1996,"Alternative Rock, Power Pop",3.84,19985
270,Album919,Dinosaur,You're Living All Over Me,1987,"Noise Rock, Indie Rock, Alternative Rock",3.88,13213
271,Album87,Nick Cave And The Bad Seeds,Let Love In,1994,"Alternative Rock, Post-Punk",3.96,10630
272,Album4201,Death,Human,1991,"Technical Death Metal, Death Metal",3.96,9382
273,Album1019220,Animal Collective,Strawberry Jam,2007,"Neo-Psychedelia, Art Pop",3.79,17057
274,Album4040583,Frank Ocean,Channel Orange,2012,"Alternative R&B, Contemporary R&B",3.78,19772
275,Album2009,System Of A Down,Toxicity,2001,Alternative Metal,3.77,17365
276,Album4651,Queen,A Night At The Opera,1975,"Hard Rock, Art Rock",3.83,14111
277,Album5030,Vangelis,Blade Runner,1994,"Progressive Electronic, Film Score, Space Ambient",4.11,4475
278,Album624,David Bowie,Aladdin Sane,1973,"Glam Rock, Art Rock",3.82,15289
279,Album10143,Robert Wyatt,Rock Bottom,1974,"Canterbury Scene, Art Rock",3.93,8779
280,Album132,Pavement,Slanted And Enchanted,1992,"Lo-Fi / Slacker Rock, Indie Rock, Noise Pop",3.85,15116
281,Album7855,Ennio Morricone,"Il Buono, Il Brutto, Il Cattivo",1966,"Film Score, Spaghetti Western, Cinematic Classical",4.11,4482
282,Album2674,Patti Smith,Horses,1975,"Proto-Punk, Singer/Songwriter, Art Rock",3.92,11941
283,Album7812,Opeth,Still Life,1999,Progressive Metal,3.94,9399
284,Album113,John Lennon,John Lennon / Plastic Ono Band,1970,Singer/Songwriter,3.93,10141
285,Album11692,Art Blakey And The Jazz Messengers,Art Blakey And The Jazz Messengers [Moanin'],1959,Hard Bop,4.05,5861
286,Album1195,The Doors,L.A. Woman,1971,"Blues Rock, Psychedelic Rock",3.9,13102
287,Album7187,The Replacements,Let It Be,1984,Alternative Rock,3.93,9665
288,Album33363,Fela Kuti,Expensive Shit,1975,Afrobeat,4.02,6085
289,Album8797,Aphex Twin,Selected Ambient Works Volume II,1994,"Ambient, Electronic",3.86,11762
290,Album1946,Deftones,White Pony,2000,Alternative Metal,3.87,12361
291,Album357,Van Morrison,Moondance,1970,"Singer/Songwriter, Folk Rock",3.98,8494
292,Album300,Yo La Tengo,I Can Hear The Heart Beating As One,1997,"Indie Rock, Noise Pop",3.91,11571
293,Album7180,Bob Dylan,The Bootleg Series Volumes 1-3 (Rare and Unreleased) 1961-1991,1991,"Folk Rock, Singer/Songwriter, Contemporary Folk",4.17,1912
294,Album1312,Elliott Smith,XO,1998,"Singer/Songwriter, Indie Pop",3.94,10692
295,Album298,Tom Waits,Bone Machine,1992,"Singer/Songwriter, Experimental Rock",3.99,8405
296,Album21876,The Beach Boys,The Pet Sounds Sessions,1997,Baroque Pop,4.24,450
297,Album756,Charlie Mingus,Blues & Roots,1960,Post-Bop,4.05,5384
298,Album5113727,Run The Jewels,Run The Jewels 2,2014,Hardcore Hip Hop,3.79,14426
299,Album2135,The Dave Brubeck Quartet,Time Out,1959,Cool Jazz,3.94,8509
300,Album26,R.E.M.,Automatic For The People,1992,"Alternative Rock, Pop Rock",3.9,14583
301,Album9684,Mos Def,Black On Both Sides,1999,"East Coast Hip Hop, Conscious Hip Hop",3.96,8294
302,Album4869,Captain Beefheart And His Magic Band,Safe As Milk,1967,"Blues Rock, Psychedelic Rock",3.91,10938
303,Album1716,Spiritualized,Ladies And Gentlemen We Are Floating In Space,1997,"Neo-Psychedelia, Space Rock, Art Rock",3.82,13921
304,Album2665585,Flying Lotus,Cosmogramma,2010,"IDM, Glitch Hop, Wonky",3.8,14982
305,Album8282,Otis Redding,Otis Blue: Otis Redding Sings Soul,1965,"Deep Soul, Southern Soul",4.01,6028
306,Album1431,Wire,Chairs Missing,1978,"Post-Punk, Art Punk",3.95,9057
307,Album442105,Coil,The Ape Of Naples,2005,"Post-Industrial, Electronic, Experimental",3.93,9030
308,Album503443,Novos Baianos,Acabou Chorare,1972,"MPB, Samba",4.07,3931
309,Album9275699,Pusha T,Daytona,2018,"Hardcore Hip Hop, Southern Hip Hop",3.74,15837
310,Album2403,Neil Young,Tonight's The Night,1975,"Country Rock, Singer/Songwriter, Folk Rock",3.98,8074
311,Album2286,Deep Purple,Deep Purple In Rock,1970,Hard Rock,3.92,9034
312,Album124756,Boris,Boris At Last -Feedbacker-,2003,"Drone Metal, Post-Metal, Drone, Noise Rock",3.94,8925
313,Album79006,Berliner Philharmoniker,9 Symphonien,1963,"Symphony, Classical Period",4.14,1282
314,Album2345,Soundgarden,Superunknown,1994,"Grunge, Alternative Rock",3.86,12425
315,Album427739,Miles Davis,A Tribute To Jack Johnson,1971,"Jazz Fusion, Jazz-Rock, Film Score",4.02,5526
316,Album2127,Fugazi,Repeater,1990,Post-Hardcore,3.87,11760
317,Album7701,Red House Painters,Down Colorful Hill,1992,Slowcore,3.9,9315
318,Album5313,T. Rex,Electric Warrior,1971,Glam Rock,3.93,8601
319,Album3602159,Danny Brown,XXX,2011,Hardcore Hip Hop,3.83,12702
320,Album9910,The Dismemberment Plan,Emergency & I,1999,Indie Rock,3.87,10195
321,Album5920,Genesis,The Lamb Lies Down On Broadway,1974,"Progressive Rock, Rock Opera",3.96,8155
322,Album709,Brian Eno,Before And After Science,1977,Art Rock,3.93,8601
323,Album31572,Townes Van Zandt,Townes Van Zandt,1969,"Country, Singer/Songwriter, Contemporary Folk",4.01,5604
324,Album3577,Prince,Sign of the Times,1987,"Pop Rock, Contemporary R&B, Funk Rock",4.02,7563
325,Album2325993,Big Star,Keep An Eye On The Sky,2009,Power Pop,4.23,440
326,Album1894992,Mastodon,Crack The Skye,2009,Progressive Metal,3.86,10138
327,Album5629,Camel,Mirage,1974,"Symphonic Prog, Progressive Rock",3.96,7904
328,Album8021508,Mount Eerie,A Crow Looked At Me,2017,"Singer/Songwriter, Indie Folk, Contemporary Folk",3.85,11592
329,Album2548617,Beach House,Teen Dream,2010,"Dream Pop, Indie Pop",3.75,15868
330,Album4649,The Kinks,Arthur Or The Decline And Fall Of The British Empire,1969,Pop Rock,4.03,6707
331,Album2696633,Joanna Newsom,Have One On Me,2010,"Chamber Folk, Singer/Songwriter, Progressive Folk",3.93,8339
332,Album879,Björk,Debut,1993,"Art Pop, House",3.73,18324
333,Album1033,Talking Heads,Talking Heads: 77,1977,"New Wave, Art Punk",3.82,14831
334,Album6847528,Death Grips,Bottomless Pit,2016,"Industrial Hip Hop, Abstract Hip Hop, Experimental Hip Hop",3.79,16594
335,Album30878,Fela Kuti,Zombie,1977,Afrobeat,4.02,4899
336,Album55442,The Mars Volta,De-Loused In The Comatorium,2003,"Progressive Rock, Post-Hardcore",3.79,14497
337,Album5386,Ween,The Mollusk,1997,"Art Rock, Neo-Psychedelia",3.9,10250
338,Album244938,山岡晃 [Akira Yamaoka],Silent Hill 2,2001,"Video Game Music, Ambient",4.05,3809
339,Album372,The Clash,The Clash,1977,Punk Rock,3.85,12393
340,Album1110,Minutemen,Double Nickels On The Dime,1984,"Post-Punk, Art Punk, Punk Rock",3.92,9886
341,Album51445,Kraftwerk,Computerwelt,1981,"Synthpop, Electronic",3.91,8796
342,Album137491,Arvo Pärt,Tabula Rasa,1984,Minimalism,3.99,4757
343,Album1034,Talking Heads,More Songs About Buildings And Food,1978,"New Wave, Post-Punk, Art Punk",3.87,12421
344,Album1093,Hüsker Dü,Zen Arcade,1984,"Post-Hardcore, Hardcore Punk",3.91,10224
345,Album70181,Vince Guaraldi,A Charlie Brown Christmas,1965,"Christmas Music, Cool Jazz, Television Music",4.03,4539
346,Album8344759,Brockhampton,Saturation II,2017,"Pop Rap, West Coast Hip Hop",3.75,15075
347,Album9578821,Bob Dylan,"The Bootleg Series Vol. 14: More Blood, More Tracks",2018,"Singer/Songwriter, Contemporary Folk",4.17,518
348,Album124755,Boris,Flood,2000,"Drone, Post-Rock",3.91,8175
349,Album4204,Death,The Sound Of Perseverance,1998,"Technical Death Metal, Progressive Metal",3.9,8814
350,Album3429,John Coltrane,Ascension [Edition I],1966,"Free Jazz, Spiritual Jazz",3.98,5991
351,Album8758,Stan Getz & João Gilberto featuring Antônio Carlos Jobim,Getz / Gilberto,1964,Bossa nova,3.96,7309
352,Album308550,New Order,"Power, Corruption & Lies",1983,"Synthpop, New Wave, Post-Punk",3.82,14082
353,Album1322533,Fleet Foxes,Fleet Foxes,2008,"Chamber Folk, Indie Folk",3.74,15497
354,Album4012,Burzum,Hvis Lyset Tar Oss,1994,"Atmospheric Black Metal, Black Metal",3.86,9557
355,Album1037,Talking Heads,Speaking In Tongues,1983,New Wave,3.85,11287
356,Album41463,Jorge Ben,A Tábua de Esmeralda,1974,"MPB, Samba-Rock",4.03,3843
357,Album19288,The Misfits,Static Age,1997,"Horror Punk, Punk Rock",4.05,4050
358,Album734252,Arcade Fire,Neon Bible,2007,Indie Rock,3.68,19193
359,Album923022,Violent Femmes,Violent Femmes,1983,"Folk Punk, Alternative Rock, Acoustic Rock",3.83,12150
360,Album1432,Wire,154,1979,"Post-Punk, Art Punk",3.95,7629
361,Album11245349,Fiona Apple,Fetch The Bolt Cutters,2020,"Art Pop, Singer/Songwriter, Progressive Pop",3.77,13698
362,Album9386,Chico Buarque,Construção,1971,"MPB, Singer/Songwriter",4.01,4018
363,Album5160,Slayer,Seasons In The Abyss,1990,Thrash Metal,3.89,9315
364,Album17902,Agalloch,The Mantle,2002,"Folk Metal, Post-Metal",3.84,10222
365,Album9858,Deltron 3030,Deltron 3030,2000,"West Coast Hip Hop, Experimental Hip Hop, Abstract Hip Hop",3.88,9034
366,Album143,Pulp,Different Class,1995,Britpop,3.92,10065
367,Album3377949,C418,Minecraft: Volume Alpha,2011,"Video Game Music, Ambient",3.98,6376
368,Album839,Soft Machine,Third,1970,"Canterbury Scene, Jazz-Rock, Jazz Fusion",3.91,7266
369,Album8191615,Kendrick Lamar,Damn.,2017,"West Coast Hip Hop, Conscious Hip Hop",3.51,24419
370,Album471234,Agalloch,Ashes Against The Grain,2006,Post-Metal,3.9,8133
371,Album1740,Sly & The Family Stone,There's A Riot Goin' On,1971,"Funk, Soul, Psychedelic Soul",3.94,6971
372,Album22375,Ulver,Bergtatt: Et Eeventyr I 5 Capitler,1995,"Atmospheric Black Metal, Pagan Black Metal",3.89,9400
373,Album6210,Faust,Faust IV,1973,Krautrock,3.89,8515
374,Album27682,Raekwon,Only Built 4 Cuban Linx...,1995,"East Coast Hip Hop, Gangsta Rap, Boom Bap, Hardcore Hip Hop",3.93,7501
375,Album4418,Mr. Bungle,California,1999,"Experimental Rock, Art Rock",3.87,8502
376,Album723260,Panda Bear,Person Pitch,2007,"Psychedelic Pop, Neo-Psychedelia",3.79,12625
377,Album1800,Captain Beefheart & His Magic Band,Trout Mask Replica,1969,Experimental Rock,3.69,14144
378,Album13532,Miles Davis,Get Up With It,1974,"Jazz Fusion, Jazz-Funk",4.03,4112
379,Album3799,Faith No More,Angel Dust,1992,"Alternative Metal, Alternative Rock",3.85,10525
380,Album3888174,Beach House,Bloom,2012,"Dream Pop, Indie Pop",3.75,14737
381,Album40634,Magnolia Electric Co.,The Magnolia Electric Co.,2003,"Alt-Country, Country Rock",3.97,5586
382,Album243,Brian Eno,Ambient 1: Music For Airports,1978,Ambient,3.76,12805
383,Album2966,D'Angelo,Voodoo,2000,Neo-Soul,3.94,6566
384,Album1118,Sonic Youth,Goo,1990,"Alternative Rock, Noise Rock",3.8,14193
385,Album18447,Low,I Could Live In Hope,1994,Slowcore,3.87,8830
386,Album4193,Emperor,In The Nightside Eclipse,1994,"Symphonic Black Metal, Black Metal",3.9,7873
387,Album807633,The National,Boxer,2007,"Indie Rock, Post-Punk Revival",3.81,12789
388,Album11341,Rainbow,Rising,1976,"Hard Rock, Heavy Metal",3.93,7058
389,Album4065445,Tame Impala,Lonerism,2012,Neo-Psychedelia,3.7,17311
390,Album2934347,Arcade Fire,The Suburbs,2010,Indie Rock,3.68,18149
391,Album806,Ramones,Ramones,1976,Punk Rock,3.8,12336
392,Album14705,John Coltrane,Olé Coltrane,1961,Modal Jazz,4.02,4335
393,Album644,Outkast,Stankonia,2000,Southern Hip Hop,3.84,11184
394,Album1115,Sonic Youth,Evol,1986,"Noise Rock, Experimental Rock",3.84,11155
395,Album23310,Glenn Branca,The Ascension,1981,"No Wave, Noise Rock, Experimental Rock, Totalism",3.92,7949
396,Album361,Scott Engel,Scott 4,1969,"Baroque Pop, Singer/Songwriter",3.93,7016
397,Album13541,Duster,Stratosphere,1998,"Slowcore, Lo-Fi / Slacker Rock",3.91,8627
398,Album42034,Broken Social Scene,You Forgot It In People,2002,Indie Rock,3.86,10009
399,Album175797,Isis,Panopticon,2004,"Atmospheric Sludge Metal, Post-Metal",3.89,8730
400,Album5719,Yes,The Yes Album,1971,Progressive Rock,3.89,9133
401,Album844,The Stooges,The Stooges,1969,"Garage Rock, Proto-Punk",3.84,11988
402,Album2614,Built To Spill,Keep It Like A Secret,1999,Indie Rock,3.91,8247
403,Album6053920,D'Angelo and The Vanguard,Black Messiah,2014,Neo-Soul,3.9,7992
404,Album1039131,Berliner Philharmoniker,Symphony No. 9,1963,"Symphony, Romanticism",4.07,1001
405,Album11643355,The Microphones,Microphones In 2020,2020,"Singer/Songwriter, Indie Folk, Avant-Folk",3.95,6367
406,Album333322,Opeth,Ghost Reveries,2005,Progressive Metal,3.89,8825
407,Album7976,Van Der Graaf Generator,Pawn Hearts,1971,Progressive Rock,3.93,5684
408,Album7702,Red House Painters,Red House Painters [Rollercoaster],1993,Slowcore,3.93,6819
409,Album186,The Who,Quadrophenia,1973,"Rock Opera, Hard Rock",3.91,8243
410,Album2645,Neu!,Neu!,1972,Krautrock,3.81,10697
411,Album10725908,Frank Zappa,The Hot Rats Sessions,2019,"Jazz Fusion, Jazz-Rock, Jam Band",4.26,153
412,Album661816,Dead Can Dance,Within The Realm Of A Dying Sun,1987,Neoclassical Darkwave,3.89,7521
413,Album10878,Swans,White Light From The Mouth Of Infinity,1991,"Gothic Rock, Post-Punk",3.86,10223
414,Album2082,Guided By Voices,Bee Thousand,1994,"Lo-Fi / Slacker Rock, Indie Rock",3.86,8875
415,Album632,David Bowie,Scary Monsters (And Super Creeps),1980,"Art Rock, New Wave",3.82,11637
416,Album47142,Gang Starr,Moment Of Truth,1998,"East Coast Hip Hop, Boom Bap",3.99,4693
417,Album634014,Brand New,The Devil And God Are Raging Inside Me,2006,"Emo, Indie Rock",3.79,12585
418,Album1094980,Igor Stravinsky,Le Sacre Du Printemps,1958,"Modern Classical, Orchestral",4.04,2038
419,Album355297,Animal Collective,Feels,2005,Neo-Psychedelia,3.78,14159
420,Album2667,The Roots,Things Fall Apart,1999,"East Coast Hip Hop, Jazz Rap",3.91,7337
421,Album1098,The Smiths,Meat Is Murder,1985,"Jangle Pop, Indie Pop",3.76,15812
422,Album1060497,Bon Iver,"For Emma, Forever Ago",2007,"Indie Folk, Singer/Songwriter",3.75,15272
423,Album2192747,Sweet Trip,You Will Never Know Why,2009,"Indie Pop, Dream Pop",3.97,5554
424,Album8429,Nico,Desertshore,1970,"Avant-Folk, Chamber Folk",3.87,7393
425,Album1055,The Jesus And Mary Chain,Psychocandy,1985,"Noise Pop, Post-Punk",3.76,13958
426,Album8166,"Crosby, Stills, Nash & Young",Déjà Vu,1970,Folk Rock,3.93,6838
427,Album3074508,Sufjan Stevens,The Age Of Adz,2010,"Art Pop, Progressive Pop, Indietronica",3.81,11932
428,Album4145,Iron Maiden,Iron Maiden,1980,"NWOBHM, Heavy Metal",3.83,11474
429,Album39355,Sun Ra,Lanquidity,1978,Jazz Fusion,3.97,4850
430,Album8527774,Brockhampton,Saturation III,2017,"Pop Rap, West Coast Hip Hop",3.74,13953
431,Album4202,Death,Individual Thought Patterns,1993,Technical Death Metal,3.91,7408
432,Album3583,Bruce Springsteen,Darkness On The Edge Of Town,1978,"Heartland Rock, Singer/Songwriter",3.92,7399
433,Album3115,Bob Marley,Exodus,1977,Roots Reggae,3.95,6097
434,Album90705,Sun Kil Moon,Ghosts Of The Great Highway,2003,"Folk Rock, Singer/Songwriter",3.93,6623
435,Album7753946,Denzel Curry,Ta13Oo,2018,"Southern Hip Hop, Trap",3.75,14536
436,Album2281,Black Sabbath,Heaven And Hell,1980,Heavy Metal,3.85,9685
437,Album10453,The Chameleons,Script Of The Bridge,1983,Post-Punk,3.91,6750
438,Album4000,Darkthrone,A Blaze In The Northern Sky,1992,Black Metal,3.89,7563
439,Album3322739,Fleet Foxes,Helplessness Blues,2011,"Indie Folk, Chamber Folk",3.79,11756
440,Album6702,Bruce Springsteen,Nebraska,1982,"Singer/Songwriter, Contemporary Folk, Americana",3.87,8875
441,Album12136,The Modern Lovers,The Modern Lovers,1976,"Proto-Punk, Garage Rock",3.9,7706
442,Album24827,Sonny Rollins,Saxophone Colossus,1957,Hard Bop,3.97,4852
443,Album4194,Emperor,Anthems To The Welkin At Dusk,1997,Symphonic Black Metal,3.92,5944
444,Album6216,Neu!,Neu! 75,1975,Krautrock,3.91,6934
445,Album10400,Miles Davis,On The Corner,1972,"Jazz Fusion, Jazz-Funk",3.94,6113
446,Album354,My Bloody Valentine,Isn't Anything,1988,"Noise Pop, Shoegaze",3.73,15399
447,Album184040,Mastodon,Leviathan,2004,"Sludge Metal, Progressive Metal",3.85,10644
448,Album3390,Rush,Hemispheres,1978,"Progressive Rock, Hard Rock",3.89,7425
449,Album1731,Steely Dan,Aja,1977,"Jazz-Rock, Pop Rock",3.92,8349
450,Album24752,Godspeed You! Black Emperor,Yanqui U.X.O.,2002,Post-Rock,3.78,12154
451,Album12690,Morbid Angel,Altars Of Madness,1989,Death Metal,3.89,7062
452,Album29306,The Stooges,1970: The Complete Fun House Sessions,1999,"Garage Rock, Proto-Punk, Hard Rock",4.19,305
453,Album731,Pj Harvey,To Bring You My Love,1995,"Alternative Rock, Singer/Songwriter",3.88,8477
454,Album3781,Megadeth,Peace Sells... But Who's Buying?,1986,"Thrash Metal, Speed Metal",3.83,10621
455,Album73082,Nina Simone,Pastel Blues,1965,"Vocal Jazz, Soul, Rhythm & Blues",3.98,4176
456,Album10596352,Jpegmafia,All My Heroes Are Cornballs,2019,"Experimental Hip Hop, Glitch Hop",3.72,12929
457,Album4479921,Queens Of The Stone Age,...Like Clockwork,2013,Alternative Rock,3.79,11287
458,Album808,Ramones,Rocket To Russia,1977,Punk Rock,3.88,7893
459,Album2091,Iron Maiden,Somewhere In Time,1986,Heavy Metal,3.86,9127
460,Album13394,Boredoms,Vision Creation Newsun,1999,"Experimental Rock, Neo-Psychedelia, Psychedelic Rock",3.86,8605
461,Album64354,The John Coltrane Quartet,Africa / Brass,1961,"Modal Jazz, Post-Bop",4.01,3767
462,Album81646,Wipers,Youth Of America,1981,"Post-Punk, Punk Rock",3.94,6286
463,Album14338,Parliament,Mothership Connection,1975,P-Funk,3.93,5453
464,Album11130,Cannonball Adderley,Somethin Else,1958,Hard Bop,3.95,4856
465,Album1712,Nine Inch Nails,The Fragile,1999,"Industrial Rock, Art Rock, Alternative Rock",3.88,10153
466,Album201,The Magnetic Fields,69 Love Songs,1999,Indie Pop,3.84,8384
467,Album7381150,Freddie Gibbs & Madlib,Bandana,2019,Gangsta Rap,3.77,11339
468,Album40909,Ennio Morricone,C'era una volta in America,1968,"Film Score, Spaghetti Western",4.04,2159
469,Album19392,Dissection,Storm Of The LightS Bane,1995,Melodic Black Metal,3.92,6234
470,Album7048527,Car Seat Headrest,Teens Of Denial,2016,Indie Rock,3.79,11282
471,Album2959,Talk Talk,The Colour Of Spring,1986,Art Pop,3.85,8397
472,Album12445,Organized Konfusion,Stress: The Extinction Agenda,1994,"East Coast Hip Hop, Boom Bap, Conscious Hip Hop, Jazz Rap",3.98,3439
473,Album7793,Sly And The Family Stone,Stand!,1969,"Funk, Psychedelic Soul",3.95,5476
474,Album453567,Fishmans,宇宙 日本 世田谷,1997,"Dream Pop, Downtempo, Ambient Pop",3.97,5946
475,Album5543,Roxy Music,For Your Pleasure,1973,"Art Rock, Glam Rock",3.88,7286
476,Album7216,Dr. Dre,The Chronic,1992,"G-Funk, West Coast Hip Hop, Gangsta Rap",3.81,10024
477,Album13931,Mahavishnu Orchestra,The Inner Mounting Flame,1971,"Jazz Fusion, Jazz-Rock",3.91,5816
478,Album11342,Judas Priest,Sad Wings Of Destiny,1976,Heavy Metal,3.9,6857
479,Album25613,Jay-Z,Reasonable Doubt,1996,"East Coast Hip Hop, Boom Bap",3.88,7930
480,Album103098,Viktor Vaughn,Vaudeville Villain,2003,"Abstract Hip Hop, East Coast Hip Hop",3.92,6566
481,Album9136,Isaac Hayes,Hot Buttered Soul,1969,Soul,3.95,4743
482,Album6295,Bob Dylan,Desire,1976,"Folk Rock, Singer/Songwriter",3.9,8566
483,Album4906,Neurosis,Through Silver In Blood,1996,"Atmospheric Sludge Metal, Sludge Metal",3.91,6324
484,Album3651,The Mothers Of Invention,Freak Out!,1966,"Experimental Rock, Satire",3.83,10555
485,Album1310,Elliott Smith,Elliott Smith,1995,"Singer/Songwriter, Indie Folk",3.88,9274
486,Album7572286,Pink Floyd,The Early Years 1965-1972,2016,"Psychedelic Rock, Art Rock, Progressive Rock",4.12,373
487,Album4151,Mayhem,De Mysteriis Dom Sathanas,1994,Black Metal,3.84,8238
488,Album2132,Fugazi,The Argument,2001,"Post-Hardcore, Indie Rock",3.9,7543
489,Album348392,Sigur Rós,Takk...,2005,Post-Rock,3.76,12438
490,Album4878,Santana,Abraxas,1970,Latin Rock,3.92,6241
491,Album157,Stereolab,Dots And Loops,1997,"Art Pop, Indietronica",3.9,6857
492,Album685,Serge Gainsbourg,Histoire De Melody Nelson,1971,"French Pop, Art Pop",3.86,7422
493,Album2829672,LCD Soundsystem,This Is Happening,2010,"Dance-Punk, Indietronica",3.78,12603
494,Album705,Eno,Taking Tiger Mountain (By Strategy),1974,"Art Rock, Art Pop",3.88,7984
495,Album494216,Kanye West,Graduation,2007,Pop Rap,3.53,23066
496,Album3572,Snoop Dogg,Doggystyle,1993,"G-Funk, West Coast Hip Hop, Gangsta Rap",3.84,8477
497,Album813080,Porcupine Tree,In Absentia,2002,Progressive Rock,3.81,10137
498,Album5159,Slayer,South Of Heaven,1988,Thrash Metal,3.85,8797
499,Album12095,Caravan,In The Land Of Grey And Pink,1971,"Canterbury Scene, Progressive Rock",3.91,5817
500,Album3805982,Lil Ugly Mane,Mista Thug Isolation,2012,"Memphis Rap, Southern Hip Hop",3.86,8714
